[{
            "Name": "PardhaSaradhi",
            "Phone": "99999999999",
            "Salary": 10000
            
          },{
            "Name": "Mahendra",
            "Phone": "99999555999999",
            "Salary": 20000
          },{
            "Name": "Suneel Kumar",
            "Phone": "88888888888",
            "Salary": 30000
          },{
            "Name": "Ramesh",
            "Phone": "777777777777",
            "Salary": 40000
          },{
            "Name": "Manohar",
            "Phone": "888888888888",
            "Salary": 50000
          },{
            "Name": "Raman",
            "Phone": "77777777777",
            "Salary": 60000
          },{
            "Name": "PardhaSaradhi",
            "Phone": "99999999999",
            "Salary": 70000
          },{
            "Name": "Prasad",
            "Phone": "99999999999",
            "Salary": 80000
          },{
            "Name": "Rameshwar",
            "Phone": "99999999999",
            "Salary": 90000
          },{
            "Name": "Sundar Pichai",
            "Phone": "88888888888",
            "Salary": 99999
          }
        
        
        
        ]
          